case_status,location,date,text
Closed,"103 107 Freeport St, Dorchester",2016-03-08 04:40:16,"Closed Litter report at 103 107 Freeport St, Dorchester https://t.co/9Lmpt7m0Lr. Case closed. case resolved. clean up area."
Closed,58 Rossmore Rd Jamaica Plain,2016-03-08 03:41:24,Closed Damaged Sign report at 58 Rossmore Rd Jamaica Plain https://t.co/Nnx931ZNXm. Case closed. case resolved. fixed problem.
Closed,"1 Allen Rd, Apt 1, Brighton",2016-03-08 03:09:08,"Closed Dead Animal Pick-up report at 1 Allen Rd, Apt 1, Brighton https://t.co/Q9yOstT7nG. Case closed. case resolved. it is all set."
Opened,33 River St https://t.co/lSOByB6eqv. Rat nest.,2016-03-08 03:04:48,Opened Rodent Sighting report via iphone at 33 River St https://t.co/lSOByB6eqv. Rat nest. https://t.co/76qi8jw22g
Closed,1 City Hall Plz https://t.co/t0G0jSQEUg. Case closed. duplicate of existing case.,2016-03-08 02:42:27,Closed Illegal Parking report at 1 City Hall Plz https://t.co/t0G0jSQEUg. Case closed. duplicate of existing case. https://t.co/83KqhBxAwm
Opened,"20 Cedrus Ave, Roslindale",2016-03-08 02:06:12,"Opened Street Lights report via iphone at 20 Cedrus Ave, Roslindale https://t.co/LwWhYHVKvr. Led street light out."
Opened,201 Washington St https://t.co/Tx5rL5jaDe.,2016-03-08 01:48:33,Opened Illegal Graffiti report via android at 201 Washington St https://t.co/Tx5rL5jaDe. https://t.co/iH8kNdXKOs
Opened,"15 Kelley Ct, Brighton https://t.co/6ewoXbi4wb. Rats.",2016-03-08 00:40:23,"Opened Rodent Sighting report via iphone at 15 Kelley Ct, Brighton https://t.co/6ewoXbi4wb. Rats. https://t.co/eMjocILJL2"
Opened,"1 Allen Rd, Apt 1, Brighton",2016-03-08 00:13:28,"Opened Dead Animal Pick-up report via iphone at 1 Allen Rd, Apt 1, Brighton https://t.co/Q9yOstT7nG. Dead rat in road."
Opened,26 Irving St https://t.co/WJ9xrYGeTb.,2016-03-08 00:08:31,Opened Litter report via iphone at 26 Irving St https://t.co/WJ9xrYGeTb. https://t.co/sKFXHKVJ3R
Opened,899 925 Commonwealth Ave,2016-03-07 23:58:28,Opened Street Lights report via android at 899 925 Commonwealth Ave https://t.co/m2PStRtg4j. Four lights out in front of agassiz arena.
Opened,"17 19 Denny St, Dorchester",2016-03-07 23:37:15,"Opened Illegal Parking report via iphone at 17 19 Denny St, Dorchester https://t.co/lJHzJ7PcL8. Non resident parking!"
Closed,"170 Harvard Ave, Allston https://t.co/HGEQkmfmNj. Case closed. case resolved.",2016-03-07 23:29:23,"Closed Illegal Graffiti report at 170 Harvard Ave, Allston https://t.co/HGEQkmfmNj. Case closed. case resolved. https://t.co/PCKJH5mqgh"
Opened,"503 E Third St, 1, South Boston",2016-03-07 23:23:42,"Opened Illegal Parking report via iphone at 503 E Third St, 1, South Boston https://t.co/RUMHkhKClh. Non resident in res spot."
Opened,"26 Caspian Way, Dorchester https://t.co/qwypg25H5M. Please clean up.",2016-03-07 23:04:12,"Opened Litter report via iphone at 26 Caspian Way, Dorchester https://t.co/qwypg25H5M. Please clean up. https://t.co/8jndRw0Q3a"
Opened,"Intersection Of Howard Pl &amp; Elm St, Charlestown",2016-03-07 23:00:48,"Opened Illegal Parking report via iphone at Intersection Of Howard Pl &amp; Elm St, Charlestown https://t.co/MN43z69JZ5. Car in no parking zone."
Opened,59 Chandler St https://t.co/jWEY1tm1yY.,2016-03-07 22:48:42,Opened Illegal Parking report via iphone at 59 Chandler St https://t.co/jWEY1tm1yY. https://t.co/lfsl60mN9v
Opened,Intersection Of Hull St &amp; Salem St,2016-03-07 22:11:34,Opened Litter report via iphone at Intersection Of Hull St &amp; Salem St https://t.co/HQHiFOnh9K. Trash in gutter.
Opened,"20 Pine St, 3 https://t.co/QDGdMN2hT6.",2016-03-07 21:53:44,"Opened Illegal Graffiti report via iphone at 20 Pine St, 3 https://t.co/QDGdMN2hT6. https://t.co/GALMQTrqQx"
Closed,"65 Athol St, Allston https://t.co/fWyhqOx7KZ. Case closed. case resolved. pothole patched.",2016-03-07 21:52:57,"Closed Pothole report at 65 Athol St, Allston https://t.co/fWyhqOx7KZ. Case closed. case resolved. pothole patched. https://t.co/KdXlTF71BL"
Opened,"142 Bigelow St, 1, Brighton https://t.co/74IN4C5gI7. Hydrant again.",2016-03-07 21:46:51,"Opened Illegal Parking report via iphone at 142 Bigelow St, 1, Brighton https://t.co/74IN4C5gI7. Hydrant again. https://t.co/3sAe3zZ1dZ"
Closed,"5 Sunset St, Mission Hill",2016-03-07 21:36:49,"Closed Rodent Sighting report at 5 Sunset St, Mission Hill https://t.co/YpIvYhQzeD. Case closed. adclsd: administratively closed."
Opened,"472 Quincy St, 1, Dorchester https://t.co/xkfhURKd0O. Litter in alley.",2016-03-07 21:36:21,"Opened Litter report via iphone at 472 Quincy St, 1, Dorchester https://t.co/xkfhURKd0O. Litter in alley. https://t.co/ul7H0jV8Nv"
Opened,249 Harrison Ave https://t.co/Tc4POCJGMT. Needle in water bottle.,2016-03-07 21:28:21,Opened Needle Clean-up report via android at 249 Harrison Ave https://t.co/Tc4POCJGMT. Needle in water bottle. https://t.co/DvizM4sy8y
Closed,8 Enterprise St Dorchester,2016-03-07 20:53:45,Closed report at 8 Enterprise St Dorchester https://t.co/sxWg7SvQps. Case closed. case noted. ticket was issued.
Closed,"1190 Massachusetts Ave, Dorchester",2016-03-07 20:48:21,"Closed report at 1190 Massachusetts Ave, Dorchester https://t.co/xLMP6N5aos. Case closed. case noted. property was cited."
Closed,73-99 Egremont Rd,2016-03-07 20:43:32,Closed Litter report at 73-99 Egremont Rd https://t.co/uoz0uojVnd. Case closed. case resolved. trash have been pick up.
Closed,"15 Stock St, Dorchester https://t.co/SXZeCL5tcl. Case closed. case noted.",2016-03-07 20:37:50,"Closed Broken Sidewalk report at 15 Stock St, Dorchester https://t.co/SXZeCL5tcl. Case closed. case noted. https://t.co/W3hgSbnl5c"
Opened,"1190 Massachusetts Ave, Dorchester",2016-03-07 19:31:18,"Opened report via android at 1190 Massachusetts Ave, Dorchester https://t.co/xLMP6N5aos. Loose trash around dumpster trash from autozone."
Opened,8 Enterprise St Dorchester,2016-03-07 19:30:12,"Opened report via android at 8 Enterprise St Dorchester https://t.co/sxWg7SvQps. Loose trash,junk debris and overgrowth."
Opened,86 N Margin St,2016-03-07 19:12:42,Opened Litter report via iphone at 86 N Margin St https://t.co/2yWTCNIkFL. Litter in gutters.
Opened,"16 Boston St, 2, South Boston https://t.co/FWdar3Ylmo. No hp placard.",2016-03-07 18:49:27,"Opened Illegal Parking report via iphone at 16 Boston St, 2, South Boston https://t.co/FWdar3Ylmo. No hp placard. https://t.co/lSi3Oi6j0n"
Closed,"100 Kemble St, Roxbury https://t.co/8m153OsORW. Case closed. case resolved. removed trash.",2016-03-07 18:31:04,"Closed Litter report at 100 Kemble St, Roxbury https://t.co/8m153OsORW. Case closed. case resolved. removed trash. https://t.co/vQZR8qbLxU"
Opened,"Intersection Of Cambridge St &amp; Washington St, Brighton",2016-03-07 18:23:25,"Opened Dead Animal Pick-up report via android at Intersection Of Cambridge St &amp; Washington St, Brighton https://t.co/IbYZl1xjJb. Drat."
Opened,"612 Cambridge St, 1, Allston",2016-03-07 18:22:04,"Opened Overflowing Trash Can report via android at 612 Cambridge St, 1, Allston https://t.co/AbBkMfM2C7. No bag in barrels."
Opened,"Intersection Of Cambridge St &amp; Imrie Rd, Allston",2016-03-07 18:21:08,"Opened Litter report via android at Intersection Of Cambridge St &amp; Imrie Rd, Allston https://t.co/FTHqVdHEfR. Liter."
Opened,129 Hemenway St https://t.co/WBRsRUSBm5. Dangerous tripping hazard.,2016-03-07 17:17:02,Opened Broken Sidewalk report via iphone at 129 Hemenway St https://t.co/WBRsRUSBm5. Dangerous tripping hazard. https://t.co/DogRuYBAUR
Closed,79a Phillips St https://t.co/UlOrkJshDA. Case closed. case resolved. completed.,2016-03-07 17:06:56,Closed Litter report at 79a Phillips St https://t.co/UlOrkJshDA. Case closed. case resolved. completed. https://t.co/Zto0FafDDz
Closed,88 Berkeley St https://t.co/9kvCVvrOmg. Case closed. case resolved.,2016-03-07 16:56:39,Closed Litter report at 88 Berkeley St https://t.co/9kvCVvrOmg. Case closed. case resolved. https://t.co/L39eVNRff5
Closed,"39 Allston St, Allston",2016-03-07 16:56:34,"Closed report at 39 Allston St, Allston https://t.co/mrD4xY0ud8. Case closed. case noted. cited 35 &amp; 39 allston st loose trash."
Opened,Intersection Of Plymouth St &amp; Riverway https://t.co/xrVdcYKrjC. Turf damage.,2016-03-07 16:49:01,Opened report via iphone at Intersection Of Plymouth St &amp; Riverway https://t.co/xrVdcYKrjC. Turf damage. https://t.co/p4t8lMPMIw
Closed,Commonwealth Avenue Boston MA,2016-03-07 16:35:40,Closed Traffic Signal report at Commonwealth Avenue Boston MA https://t.co/Cxm0Mqfzsh. Case closed. case resolved. running normal operation.
Closed,"85 Centre St, Roxbury",2016-03-07 16:35:37,"Closed Illegal Parking report at 85 Centre St, Roxbury https://t.co/HKZRdUFmSL. Case closed. case resolved. two vehicles ticketed."
Opened,"67 Romsey St, Dorchester",2016-03-07 16:32:19,"Opened report via iphone at 67 Romsey St, Dorchester https://t.co/uvbirNpat5. Abandon shopping cart."
Opened,"1091 Washington St, Roxbury https://t.co/VMqYZABmAS.",2016-03-07 16:20:28,"Opened Illegal Graffiti report via iphone at 1091 Washington St, Roxbury https://t.co/VMqYZABmAS. https://t.co/yve45dFGU8"
Closed,"566 Washington St, Brighton",2016-03-07 16:19:59,"Closed report at 566 Washington St, Brighton https://t.co/O8GIN7xm0f. Case closed. case noted. cited overloaded dumpster."
Closed,50 Union St https://t.co/sKissu8vdu. Case closed. case resolved. cleaned up.,2016-03-07 16:09:39,Closed Litter report at 50 Union St https://t.co/sKissu8vdu. Case closed. case resolved. cleaned up. https://t.co/ukDcCZO6B8
Closed,"5 7 Lawrence Pl, Brighton",2016-03-07 16:04:20,"Closed report at 5 7 Lawrence Pl, Brighton https://t.co/dmZNlg3XcH. Case closed. case noted. cited improper storage."
Opened,"566 Washington St, Brighton",2016-03-07 15:59:46,"Opened report via android at 566 Washington St, Brighton https://t.co/O8GIN7xm0f. Overloaded dumpster."
Opened,Intersection Of Higginson Cir &amp; Fenway,2016-03-07 15:59:16,Opened report via iphone at Intersection Of Higginson Cir &amp; Fenway https://t.co/7GclODjud1. Piles of leaves need to be picked up. park.
Closed,1 Beacon St,2016-03-07 15:33:27,Closed Traffic Signal report at 1 Beacon St https://t.co/1hOUM0hJ3X. Case closed. case resolved. returned to normal operation.
Closed,"156 Geneva Ave, Dorchester",2016-03-07 15:33:24,"Closed Litter report at 156 Geneva Ave, Dorchester https://t.co/Jia5thBLxT. Case closed. case resolved. cited 160 for trash on property."
Closed,"466 474 Harrison Ave, Roxbury https://t.co/a5aYfgyfMj. Case closed. case noted. no violation.",2016-03-07 15:33:18,"Closed report at 466 474 Harrison Ave, Roxbury https://t.co/a5aYfgyfMj. Case closed. case noted. no violation. https://t.co/osaaVsi5QO"
Opened,Intersection Of Cross St &amp; Fulton St https://t.co/qpcw2SzOtn.,2016-03-07 15:31:19,Opened Broken Sidewalk report via android at Intersection Of Cross St &amp; Fulton St https://t.co/qpcw2SzOtn. https://t.co/ajs1HtwJ58
Closed,441 Bennington St https://t.co/X2pktiQcdG. Case closed. case resolved. picked up.,2016-03-07 15:28:10,Closed report at 441 Bennington St https://t.co/X2pktiQcdG. Case closed. case resolved. picked up. https://t.co/B8bkXQ4v67
Closed,"91 E Brookline St, Roxbury https://t.co/mGzbzWtEWL. Case closed. case noted. no violation.",2016-03-07 15:28:06,"Closed Litter report at 91 E Brookline St, Roxbury https://t.co/mGzbzWtEWL. Case closed. case noted. no violation. https://t.co/5GktLkC4ho"
Opened,"43 E Springfield St, Roxbury https://t.co/wMx9o8l75a. Outside door 684.",2016-03-07 15:25:40,"Opened Needle Clean-up report via iphone at 43 E Springfield St, Roxbury https://t.co/wMx9o8l75a. Outside door 684. https://t.co/BP8ewQyM1M"
Opened,"43 E Springfield St, Roxbury https://t.co/NG0AC2HGd8. Outside door 684.",2016-03-07 15:21:18,"Opened Needle Clean-up report via iphone at 43 E Springfield St, Roxbury https://t.co/NG0AC2HGd8. Outside door 684. https://t.co/aZM1iaqIjT"
Closed,58 Salem St,2016-03-07 15:02:09,Closed Dead Animal Pick-up report at 58 Salem St https://t.co/X7Ev9yWE3i. Case closed. case resolved. degrad picked up.
Opened,"85 Centre St, Roxbury",2016-03-07 14:56:46,"Opened Illegal Parking report via iphone at 85 Centre St, Roxbury https://t.co/HKZRdUFmSL. Cars parked in resident parking only."
Closed,"383 Silver St, South Boston https://t.co/iYDeqdeTg6. Case closed. case resolved. two ticketed.",2016-03-07 14:46:41,"Closed report at 383 Silver St, South Boston https://t.co/iYDeqdeTg6. Case closed. case resolved. two ticketed. https://t.co/Hkk4hhsckE"
Closed,126 132 N Washington St,2016-03-07 14:46:33,Closed Illegal Parking report at 126 132 N Washington St https://t.co/a9UrDTLG1K. Case closed. case noted. clear now.
Opened,"4 Terrace Pl, Mission Hill https://t.co/02VL5diVKr.",2016-03-07 14:33:04,"Opened Litter report via iphone at 4 Terrace Pl, Mission Hill https://t.co/02VL5diVKr. https://t.co/32K8LEkqVq"
Closed,27 Essex St,2016-03-07 14:20:43,Closed Illegal Parking report at 27 Essex St https://t.co/fCeoqajPJR. Case closed. case resolved. two vehicles ticketed.
Opened,"383 Silver St, South Boston https://t.co/iYDeqdeTg6. Parked on sidewalk.",2016-03-07 14:11:40,"Opened report via iphone at 383 Silver St, South Boston https://t.co/iYDeqdeTg6. Parked on sidewalk. https://t.co/VIsmvOwe4k"
Closed,"307 Foster St, Brighton",2016-03-07 14:10:10,"Closed report at 307 Foster St, Brighton https://t.co/hLnXbpYDrj. Case closed. case noted. cited 295 thru 315 foster loose trash."
Opened,Intersection Of Oak St W &amp; Shawmut Ave https://t.co/grfcwynbBt.,2016-03-07 14:00:17,Opened Illegal Graffiti report via iphone at Intersection Of Oak St W &amp; Shawmut Ave https://t.co/grfcwynbBt. https://t.co/Wchm5whM1m
Opened,332 Tremont St https://t.co/XU4rahilQA.,2016-03-07 13:59:46,Opened Illegal Graffiti report via iphone at 332 Tremont St https://t.co/XU4rahilQA. https://t.co/qnrAVoRBDJ
Opened,58 Salem St,2016-03-07 13:44:41,Opened Dead Animal Pick-up report via iphone at 58 Salem St https://t.co/X7Ev9yWE3i. Dead rat.
Closed,23 Ransom Rd Brighton,2016-03-07 13:44:25,Closed Illegal Parking report at 23 Ransom Rd Brighton https://t.co/H2Wsx8G7xy. Case closed. case noted. cited illegal yard parking.
Closed,23 Ransom Rd Brighton,2016-03-07 13:44:18,Closed Illegal Parking report at 23 Ransom Rd Brighton https://t.co/T4ISvafnxF. Case closed. case noted. cited illegal yard parking.
Opened,Commonwealth Avenue Boston MA,2016-03-07 13:32:39,Opened Traffic Signal report via web at Commonwealth Avenue Boston MA https://t.co/Cxm0Mqfzsh. Clarendon and commonwealth ave.
Opened,"441 Bennington St, East Boston https://t.co/qOv2q40mov.",2016-03-07 13:30:33,"Opened report via iphone at 441 Bennington St, East Boston https://t.co/qOv2q40mov. https://t.co/51NmZSRt7w"
Opened,"40 Ellery St, 2, South Boston https://t.co/3Bbv0144pu. Litter in roadway.",2016-03-07 13:09:17,"Opened Litter report via android at 40 Ellery St, 2, South Boston https://t.co/3Bbv0144pu. Litter in roadway. https://t.co/TySOtZQKo1"
Closed,"50 Raldne Rd, Hyde Park",2016-03-07 12:46:36,"Closed Illegal Parking report at 50 Raldne Rd, Hyde Park https://t.co/yY0Q437URn. Case closed. case noted. this was clear."
Closed,531-533 E 2nd St,2016-03-07 12:43:55,Closed Abandoned Vehicle report at 531-533 E 2nd St https://t.co/JlvgQGzOEB. Case closed. case resolved. vehicle not at location 3/4.
Closed,"1530 Washington St, Roxbury",2016-03-07 12:42:00,"Closed report at 1530 Washington St, Roxbury https://t.co/0BGEiGwitW. Case closed. case noted. thank you, the crew will be notified."
Closed,"122 Brown Ave, Roslindale",2016-03-07 12:40:38,"Closed Illegal Parking report at 122 Brown Ave, Roslindale https://t.co/2v4gn5Itdx. Case closed. case noted. clear now."
Opened,Intersection Of Clarendon St &amp; Commonwealth Ave,2016-03-07 12:32:15,Opened Traffic Signal report via iphone at Intersection Of Clarendon St &amp; Commonwealth Ave https://t.co/cW80HJhRrp. Flashing red.
Opened,62a Phillips St https://t.co/mYmPCyvvaA. Idling car.,2016-03-07 12:27:18,Opened report via android at 62a Phillips St https://t.co/mYmPCyvvaA. Idling car. https://t.co/kmWshKnuCL
Closed,"Intersection Of Ball St &amp; Shawmut Ave, Mission Hill",2016-03-07 11:56:33,"Closed report at Intersection Of Ball St &amp; Shawmut Ave, Mission Hill https://t.co/7L6bxZ9IzU. Case closed. duplicate of existing case."
Opened,Intersection Of Fairfield St &amp; Beacon St,2016-03-07 11:45:25,"Opened Litter report via iphone at Intersection Of Fairfield St &amp; Beacon St https://t.co/vYzGUB5zx6. Couch , table , trash etc."
Opened,"55 W Broadway, 1, South Boston https://t.co/SfHfjs6zMd. Outdated. 50 west broadway.",2016-03-07 11:20:32,"Opened report via android at 55 W Broadway, 1, South Boston https://t.co/SfHfjs6zMd. Outdated. 50 west broadway. https://t.co/NCeZiUdshu"
Opened,"62 64 Brooks St, Brighton https://t.co/kvVgTsy8LF. In 64 bus stop.",2016-03-07 10:32:45,"Opened Illegal Parking report via iphone at 62 64 Brooks St, Brighton https://t.co/kvVgTsy8LF. In 64 bus stop. https://t.co/D7G9csifHx"
Closed,89 Charles St S,2016-03-07 05:48:40,Closed Illegal Parking report at 89 Charles St S https://t.co/Mc1ufE9cUR. Case closed. case resolved. area checked violators cited.
Closed,"13 Charter St, 1 https://t.co/PFHOpeXk36. Case closed. duplicate of existing case.",2016-03-07 05:45:22,"Closed Illegal Parking report at 13 Charter St, 1 https://t.co/PFHOpeXk36. Case closed. duplicate of existing case. https://t.co/9nPfjrSJnH"
Closed,94 Appleton St,2016-03-07 05:34:57,Closed Illegal Parking report at 94 Appleton St https://t.co/t3TILlHdSp. Case closed. case resolved. area checked all clear.
Closed,"28 Emerson St, South Boston",2016-03-07 04:33:34,"Closed Illegal Parking report at 28 Emerson St, South Boston https://t.co/jj1r2yhflZ. Case closed. case resolved. vehicle tagged."
Closed,92 Bigelow St Oak Square,2016-03-07 03:55:50,Closed Illegal Parking report at 92 Bigelow St Oak Square https://t.co/1dsggCexGZ. Case closed. case resolved. vehicle tagged.
Closed,"111 W Brookline St, Roxbury",2016-03-07 03:53:37,"Closed Illegal Parking report at 111 W Brookline St, Roxbury https://t.co/ct5ljPUBrR. Case closed. case resolved. area checked all clear."
Opened,"91 E Brookline St, Roxbury",2016-03-07 03:10:36,"Opened Litter report via android at 91 E Brookline St, Roxbury https://t.co/mGzbzWtEWL. Trash out 2 days early."
Opened,"307 Foster St, Brighton",2016-03-07 02:12:40,"Opened report via android at 307 Foster St, Brighton https://t.co/hLnXbpYDrj. Loose trash on property send code enforcement."
Opened,92 Bigelow St Oak Square,2016-03-07 02:07:43,Opened Illegal Parking report via web at 92 Bigelow St Oak Square https://t.co/1dsggCexGZ. Construction truck parked on the street.
Closed,Intersection Of Clinton St &amp; North St,2016-03-07 01:59:03,Closed Illegal Parking report at Intersection Of Clinton St &amp; North St https://t.co/M3XcShHPk5. Case closed. case resolved. cab stand clear.
Closed,1 City Hall Plz https://t.co/JgQcT3BU8b. Case closed. duplicate of existing case.,2016-03-07 01:56:04,Closed report at 1 City Hall Plz https://t.co/JgQcT3BU8b. Case closed. duplicate of existing case. https://t.co/7ZOtR3yWr5
Closed,200 Stuart St,2016-03-07 01:40:28,Closed Illegal Parking report at 200 Stuart St https://t.co/euEYZLI4as. Case closed. case resolved. taxi stand clear.
Opened,"931 Bennington St, East Boston",2016-03-06 23:50:59,"Opened Rodent Sighting report via iphone at 931 Bennington St, East Boston https://t.co/ZEMovDf3Z4. Rats - and baby rats as well ...."
Closed,240 Cambridge St https://t.co/2enPDscuSP. Case closed. case resolved. trash bags picked up.,2016-03-06 23:05:06,Closed Litter report at 240 Cambridge St https://t.co/2enPDscuSP. Case closed. case resolved. trash bags picked up. https://t.co/qh631nYhRf
Opened,17 S Russell St https://t.co/KQtFYFHtjs. Abandoned bike.,2016-03-06 22:48:31,Opened Abandoned Bicycle report via iphone at 17 S Russell St https://t.co/KQtFYFHtjs. Abandoned bike. https://t.co/CcBKIDcOMF
Opened,"9 Waltham St, Roxbury https://t.co/TBs64U3SVg.",2016-03-06 22:43:09,"Opened Illegal Parking report via android at 9 Waltham St, Roxbury https://t.co/TBs64U3SVg. https://t.co/XVpNqVulXn"
Opened,"661 661a Tremont St, Roxbury https://t.co/DX5LWeJahs.",2016-03-06 22:41:06,"Opened Damaged Sign report via iphone at 661 661a Tremont St, Roxbury https://t.co/DX5LWeJahs. https://t.co/cyBMVI2MOe"
Opened,"33 Hillcroft Rd, Jamaica Plain https://t.co/HltAbFhmcr.",2016-03-06 22:29:38,"Opened Illegal Parking report via iphone at 33 Hillcroft Rd, Jamaica Plain https://t.co/HltAbFhmcr. https://t.co/ikD9ow55ko"
Closed,"11 Rosselerin Rd, Dorchester https://t.co/aptKIYvGbc. Case closed. case resolved. pick up cone.",2016-03-06 22:00:19,"Closed report at 11 Rosselerin Rd, Dorchester https://t.co/aptKIYvGbc. Case closed. case resolved. pick up cone. https://t.co/qeof0FNekY"
Opened,"156 Geneva Ave, Dorchester",2016-03-06 21:32:01,"Opened Litter report via iphone at 156 Geneva Ave, Dorchester https://t.co/Jia5thBLxT. Pile of dumping and trash on the lot."
Opened,"36 Lawn St, Mission Hill https://t.co/OnGIf9LHDU. Graffiti on light pole.",2016-03-06 21:27:14,"Opened Damaged Sign report via android at 36 Lawn St, Mission Hill https://t.co/OnGIf9LHDU. Graffiti on light pole. https://t.co/NwXihq6WlA"
Opened,"Intersection Of West Roxbury Pkwy &amp; Sunset Hill Rd, West Roxbury",2016-03-06 20:54:08,"Opened Dead Tree Removal report via iphone at Intersection Of West Roxbury Pkwy &amp; Sunset Hill Rd, West Roxbury https://t.co/mcTWDFahlV."
Opened,Intersection Of Arlington St &amp; Cortes St https://t.co/L4rFEq4uwn.,2016-03-06 20:45:48,Opened Abandoned Bicycle report via iphone at Intersection Of Arlington St &amp; Cortes St https://t.co/L4rFEq4uwn. https://t.co/cbq9TKHJML
Opened,Intersection Of Jerusalem Pl &amp; Salem St https://t.co/GpWlzsvuA2.,2016-03-06 20:25:28,Opened Needle Clean-up report via iphone at Intersection Of Jerusalem Pl &amp; Salem St https://t.co/GpWlzsvuA2. https://t.co/yFfRwbXuKE
Opened,Intersection Of Morton St &amp; Endicott St,2016-03-06 20:17:09,Opened Illegal Parking report via iphone at Intersection Of Morton St &amp; Endicott St https://t.co/r3yXpW7L1R. Parked in fire lane.
Opened,"78 Sawyer Ave, Dorchester https://t.co/W9PlAqEp9Q. Parked in a tow zone.",2016-03-06 19:26:41,"Opened Illegal Parking report via iphone at 78 Sawyer Ave, Dorchester https://t.co/W9PlAqEp9Q. Parked in a tow zone. https://t.co/fjvGacMkin"
Opened,"Intersection Of Bushnell St &amp; Ashmont St, Dorchester https://t.co/B1xuWthHem.",2016-03-06 19:26:13,"Opened Litter report via iphone at Intersection Of Bushnell St &amp; Ashmont St, Dorchester https://t.co/B1xuWthHem. https://t.co/Sh0yHKEO89"
Opened,"Intersection Of Bushnell St &amp; Ashmont St, Dorchester https://t.co/1b3Xdy8hKw.",2016-03-06 19:25:46,"Opened Litter report via iphone at Intersection Of Bushnell St &amp; Ashmont St, Dorchester https://t.co/1b3Xdy8hKw. https://t.co/eoDqypz2iF"
Opened,"971 Dorchester Ave, Dorchester https://t.co/hm6tTbZ6Ct.",2016-03-06 19:16:37,"Opened Illegal Graffiti report via iphone at 971 Dorchester Ave, Dorchester https://t.co/hm6tTbZ6Ct. https://t.co/HNFGYBGQxR"
Opened,"8 Pleasant St, Dorchester https://t.co/AeF0aMWwmq. Graffiti.",2016-03-06 19:05:54,"Opened Illegal Graffiti report via iphone at 8 Pleasant St, Dorchester https://t.co/AeF0aMWwmq. Graffiti. https://t.co/8O7EWtntaa"
Opened,"8 10 Dalkeith St, Dorchester https://t.co/EQb0Dxiwr6. Electric wire hanging low.",2016-03-06 18:47:10,"Opened report via iphone at 8 10 Dalkeith St, Dorchester https://t.co/EQb0Dxiwr6. Electric wire hanging low. https://t.co/BBC8zWvnPb"
Opened,"Intersection Of Redwood St &amp; Centre St, Dorchester https://t.co/1UrPYlMPeY.",2016-03-06 18:32:51,"Opened Litter report via iphone at Intersection Of Redwood St &amp; Centre St, Dorchester https://t.co/1UrPYlMPeY. https://t.co/gAbe4Q9iuO"
Opened,18a 18 Cooper St https://t.co/qSIbn3lwn3.,2016-03-06 18:03:12,Opened Illegal Parking report via iphone at 18a 18 Cooper St https://t.co/qSIbn3lwn3. https://t.co/5eV8zMvNnf
Closed,"11 Islington St, Allston",2016-03-06 18:01:54,"Closed Litter report at 11 Islington St, Allston https://t.co/merpFN8Bop. Case closed. case noted. no violation phone."
Opened,200 Stuart St,2016-03-06 17:58:58,Opened Illegal Parking report via android at 200 Stuart St https://t.co/euEYZLI4as. Non-taxi vehicles parked in active taxi zone.
Opened,240 Cambridge St https://t.co/2enPDscuSP. On corner of garden and cambridge.,2016-03-06 17:50:14,Opened Litter report via iphone at 240 Cambridge St https://t.co/2enPDscuSP. On corner of garden and cambridge. https://t.co/oimqgIDCdP
Closed,"192 Harvard Ave, Allston https://t.co/PPxXl076aF. Case closed. case resolved. cleaned up.",2016-03-06 16:22:46,"Closed Litter report at 192 Harvard Ave, Allston https://t.co/PPxXl076aF. Case closed. case resolved. cleaned up. https://t.co/6eb7cdD63y"
Opened,"31 Richmere Rd, Mattapan https://t.co/ymYshC6Ujb.",2016-03-06 15:35:33,"Opened Abandoned Vehicle report via iphone at 31 Richmere Rd, Mattapan https://t.co/ymYshC6Ujb. https://t.co/O043PMHAPO"
Opened,"69 Park Dr, 8 https://t.co/D1JyTT8q8x. On green relay box.",2016-03-06 15:23:09,"Opened Illegal Graffiti report via android at 69 Park Dr, 8 https://t.co/D1JyTT8q8x. On green relay box. https://t.co/W2LIfJgV8M"
Opened,51 Park Dr https://t.co/hueUUUAQnz. Bent tow zone sign.,2016-03-06 15:22:18,Opened Damaged Sign report via android at 51 Park Dr https://t.co/hueUUUAQnz. Bent tow zone sign. https://t.co/kY3JrxjmPb
Opened,20 Peterborough St https://t.co/e449DqlTVj. On electrical box.,2016-03-06 15:21:15,Opened Illegal Graffiti report via android at 20 Peterborough St https://t.co/e449DqlTVj. On electrical box. https://t.co/yNv97C1ZGd
Opened,20 Peterborough St https://t.co/AjkNtaYvpi. On blue mailbox.,2016-03-06 15:18:59,Opened Illegal Graffiti report via android at 20 Peterborough St https://t.co/AjkNtaYvpi. On blue mailbox. https://t.co/xJGOSgf6db
Opened,"59 Brighton Ave, 7, Allston https://t.co/9jme21g9vS.",2016-03-06 14:58:55,"Opened Illegal Graffiti report via iphone at 59 Brighton Ave, 7, Allston https://t.co/9jme21g9vS. https://t.co/oDjhLeUNz7"
Opened,"1180 1200 Washington St, Roxbury https://t.co/gwIafT1CSt.",2016-03-06 14:56:51,"Opened Illegal Graffiti report via iphone at 1180 1200 Washington St, Roxbury https://t.co/gwIafT1CSt. https://t.co/KfosMn3D9z"
Opened,"11 Islington St, Allston",2016-03-06 14:56:26,"Opened Litter report via iphone at 11 Islington St, Allston https://t.co/merpFN8Bop. Loose, blowing trash in yard."
Opened,"14 Thomas St, Jamaica Plain https://t.co/LHjSefeVlt. Found scale for drug dealing.",2016-03-06 14:49:09,"Opened report via android at 14 Thomas St, Jamaica Plain https://t.co/LHjSefeVlt. Found scale for drug dealing. https://t.co/Rk5U6LH0sN"
Opened,"1219 Commonwealth Ave, Allston https://t.co/er2sdaNP0y.",2016-03-06 14:47:27,"Opened Overflowing Trash Can report via iphone at 1219 Commonwealth Ave, Allston https://t.co/er2sdaNP0y. https://t.co/8metsLIm92"
Opened,"1207 Commonwealth Ave, Allston https://t.co/K9R6PBOT8p.",2016-03-06 14:47:00,"Opened Illegal Graffiti report via iphone at 1207 Commonwealth Ave, Allston https://t.co/K9R6PBOT8p. https://t.co/nVTulgo5yl"
Opened,"54 Cresthill Rd, Brighton https://t.co/o1Fz0864AI.",2016-03-06 13:57:44,"Opened Residential Trash out Illegally report via iphone at 54 Cresthill Rd, Brighton https://t.co/o1Fz0864AI. https://t.co/NglksiAZ2I"
Closed,"15 Maria Ln, Roslindale https://t.co/MR5ZyidXCx. Case closed. case noted. no cep violation found.",2016-03-06 13:56:27,"Closed report at 15 Maria Ln, Roslindale https://t.co/MR5ZyidXCx. Case closed. case noted. no cep violation found. https://t.co/lbTdve9n7D"
Closed,"865 South St, Roslindale",2016-03-06 13:50:27,"Closed Residential Trash out Illegally report at 865 South St, Roslindale https://t.co/wgx4S29KqQ. Case closed. case resolved."
Closed,150 Kneeland St https://t.co/xiswzug3w9. Case closed. case noted. ticket has been issued.,2016-03-06 13:23:46,Closed Litter report at 150 Kneeland St https://t.co/xiswzug3w9. Case closed. case noted. ticket has been issued. https://t.co/1RFqbwVo88
Closed,"15 Gloucester St, 15 1 https://t.co/et1nC94BcE. Case closed. case resolved.",2016-03-06 13:21:31,"Closed Litter report at 15 Gloucester St, 15 1 https://t.co/et1nC94BcE. Case closed. case resolved. https://t.co/r5r6HAmp3f"
Closed,"61 School St, Roxbury",2016-03-06 13:16:16,"Closed report at 61 School St, Roxbury https://t.co/WaYpU4Sr1i. Case closed. case noted. no violation found."
Closed,"53 Chandler St, 53 1 https://t.co/7RGM3VPvwd. Case closed. case resolved.",2016-03-06 13:07:50,"Closed Litter report at 53 Chandler St, 53 1 https://t.co/7RGM3VPvwd. Case closed. case resolved. https://t.co/yOglLlJ7eA"
Closed,"5 7 Lawrence Pl, Brighton",2016-03-06 12:41:57,"Closed report at 5 7 Lawrence Pl, Brighton https://t.co/vcr3KNYc2r. Case closed. case noted. no violation found."
Closed,"200 N Beacon St, Brighton https://t.co/q5lXiLMSmc. Case closed. case noted. no violations found.",2016-03-06 12:38:47,"Closed report at 200 N Beacon St, Brighton https://t.co/q5lXiLMSmc. Case closed. case noted. no violations found. https://t.co/8h3ymj5FCF"
Closed,Beach St Boston Suffolk County,2016-03-06 09:35:02,Closed Street Lights report at Beach St Boston Suffolk County https://t.co/yAVIFXDE8G. Case closed. case resolved. repaired last week.
Closed,51 Stuart St https://t.co/2xq4u7jBh1. Case closed. case resolved. painted box.,2016-03-06 09:18:39,Closed Illegal Graffiti report at 51 Stuart St https://t.co/2xq4u7jBh1. Case closed. case resolved. painted box. https://t.co/AM5IsbHfU3
Opened,51 Stuart St https://t.co/2xq4u7jBh1. Tag and stickers.,2016-03-06 08:48:57,Opened Illegal Graffiti report via android at 51 Stuart St https://t.co/2xq4u7jBh1. Tag and stickers. https://t.co/9x6uD0cIb1
Opened,Intersection Of Warrenton St &amp; Stuart St https://t.co/io8NUwV38Q.,2016-03-06 08:38:26,Opened Illegal Graffiti report via android at Intersection Of Warrenton St &amp; Stuart St https://t.co/io8NUwV38Q. https://t.co/NfcxPKmGTr
Opened,Intersection Of Church St &amp; Melrose St https://t.co/lqqtiLKGMc.,2016-03-06 08:20:26,Opened Illegal Graffiti report via android at Intersection Of Church St &amp; Melrose St https://t.co/lqqtiLKGMc. https://t.co/0Us6flKFvg
Opened,306 Stuart St https://t.co/qUuIBCW2bd. Rope stick on pole.,2016-03-06 08:00:33,Opened Litter report via android at 306 Stuart St https://t.co/qUuIBCW2bd. Rope stick on pole. https://t.co/8oWue2TQU4
Opened,306 Stuart St https://t.co/o59EHvYnVJ. Tape and tope around pole.,2016-03-06 07:59:27,Opened Litter report via android at 306 Stuart St https://t.co/o59EHvYnVJ. Tape and tope around pole. https://t.co/4vEhoFSRKj
Opened,Intersection Of Berkeley St &amp; Stuart St https://t.co/8V3bGMXKih.,2016-03-06 07:45:17,Opened Illegal Graffiti report via android at Intersection Of Berkeley St &amp; Stuart St https://t.co/8V3bGMXKih. https://t.co/6aXhOvN1oQ
Opened,Intersection Of Berkeley St &amp; Stuart St https://t.co/JZDXD8o7Va.,2016-03-06 07:42:45,Opened Illegal Graffiti report via android at Intersection Of Berkeley St &amp; Stuart St https://t.co/JZDXD8o7Va. https://t.co/VRR7Xh0A0E
Opened,Intersection Of Exeter St &amp; Huntington Ave https://t.co/wD3iwJtYnx.,2016-03-06 06:34:52,Opened Illegal Graffiti report via android at Intersection Of Exeter St &amp; Huntington Ave https://t.co/wD3iwJtYnx. https://t.co/DaszuD6bMD
Opened,Intersection Of Dartmouth St &amp; Stuart St https://t.co/VqtW7WO17S.,2016-03-06 06:28:02,Opened Illegal Graffiti report via android at Intersection Of Dartmouth St &amp; Stuart St https://t.co/VqtW7WO17S. https://t.co/ZeFt1aPe9S
Opened,155 Dartmouth St https://t.co/70RfHxmaAp. Stickers.,2016-03-06 06:23:47,Opened Illegal Graffiti report via android at 155 Dartmouth St https://t.co/70RfHxmaAp. Stickers. https://t.co/Y2bSUVXKNK
Opened,Intersection Of Clinton St &amp; North St,2016-03-06 05:54:12,Opened Illegal Parking report via android at Intersection Of Clinton St &amp; North St https://t.co/M3XcShHPk5. Cars parked in cab stand.
Opened,"488 Adams St, Dorchester https://t.co/ezh9UCdrno. Car accident debris.",2016-03-06 05:21:44,"Opened Litter report via android at 488 Adams St, Dorchester https://t.co/ezh9UCdrno. Car accident debris. https://t.co/n9PuPFuI2v"
Opened,"301 Emerson St, South Boston",2016-03-06 04:48:23,"Opened Illegal Parking report via iphone at 301 Emerson St, South Boston https://t.co/3wA2OE9R7Z. Has no parking permit."
Opened,"36 Queensberry St, C https://t.co/iZqRzwUrrV. Plastic tub on sidewalk.",2016-03-06 03:54:25,"Opened Litter report via android at 36 Queensberry St, C https://t.co/iZqRzwUrrV. Plastic tub on sidewalk. https://t.co/JTKZzEfn7b"
Closed,"21 23 Higgins St, Allston",2016-03-06 02:39:11,"Closed Illegal Parking report at 21 23 Higgins St, Allston https://t.co/h06Pe7q4ri. Case closed. case resolved. vehicles tagged."
Closed,36 Peterborough St,2016-03-06 02:24:52,Closed Illegal Parking report at 36 Peterborough St https://t.co/9QpF6PX5zl. Case closed. case resolved. vehicles tagged.
Opened,"1518 Columbia Rd, South Boston",2016-03-06 02:13:47,"Opened Rodent Sighting report via android at 1518 Columbia Rd, South Boston https://t.co/yC0zKstYST. Rats in ally."
Opened,36 Peterborough St,2016-03-06 01:59:21,Opened Illegal Parking report via iphone at 36 Peterborough St https://t.co/9QpF6PX5zl. People lllegal parking every night.
Opened,132 Chandler St https://t.co/9tQQJJaVE2.,2016-03-06 01:44:08,Opened Residential Trash out Illegally report via iphone at 132 Chandler St https://t.co/9tQQJJaVE2. https://t.co/HwwvmUNHem
Closed,"3 Lovis St, South Boston",2016-03-06 01:24:50,"Closed Illegal Parking report at 3 Lovis St, South Boston https://t.co/WE4gNQ2q86. Case closed. case resolved. clear at this time."
Opened,"55 Chandler St, 4 https://t.co/ehm4rTyo1x.",2016-03-06 00:45:30,"Opened Illegal Parking report via iphone at 55 Chandler St, 4 https://t.co/ehm4rTyo1x. https://t.co/nxSc0kOhQU"
Opened,150 Kneeland St https://t.co/xiswzug3w9. Been here for weeks.,2016-03-05 22:58:24,Opened Litter report via iphone at 150 Kneeland St https://t.co/xiswzug3w9. Been here for weeks. https://t.co/hewWZ4wfQl
Closed,1607 Commonwealth Avenue Brighton,2016-03-05 22:50:55,Closed Litter report at 1607 Commonwealth Avenue Brighton https://t.co/umFyZypTf1. Case closed. case resolved. was cited for loose trash.
Closed,1619 Commonwealth Avenue Brighton,2016-03-05 22:42:14,Closed Litter report at 1619 Commonwealth Avenue Brighton https://t.co/0tlCaN91Uo. Case closed. case resolved. was cited for loose trash.
Closed,"77 Waltham St, Roxbury https://t.co/V2aNUbhHLu. Case closed. case resolved. pick up trash.",2016-03-05 22:41:55,"Closed Litter report at 77 Waltham St, Roxbury https://t.co/V2aNUbhHLu. Case closed. case resolved. pick up trash. https://t.co/GV2ynwpB0J"
Opened,14 Bradbury St Allston,2016-03-05 22:41:31,Opened report via android at 14 Bradbury St Allston https://t.co/IQRa9yRuMx. Gigantic construction out of city variance/ harmony.
Closed,"75 Waltham St, Roxbury https://t.co/EjrZWhyf2D. Case closed. case resolved. pick up trash.",2016-03-05 22:41:10,"Closed Litter report at 75 Waltham St, Roxbury https://t.co/EjrZWhyf2D. Case closed. case resolved. pick up trash. https://t.co/466qOTuAz6"
Closed,"580 Washington St, 580, Dorchester https://t.co/0T7R7m8tQP. Case closed. case resolved.",2016-03-05 22:37:59,"Closed Litter report at 580 Washington St, 580, Dorchester https://t.co/0T7R7m8tQP. Case closed. case resolved. https://t.co/3J3pMRvNzo"
Closed,1615 Commonwealth Avenue Brighton,2016-03-05 22:35:10,Closed Litter report at 1615 Commonwealth Avenue Brighton https://t.co/iVijw3qFGH. Case closed. case resolved. was cited.for loose trash.
Closed,"213a 213 Kelton St, Allston",2016-03-05 22:30:12,"Closed report at 213a 213 Kelton St, Allston https://t.co/020jc30ZXj. Case closed. case resolved. was cited for over loaded dumpster."
Opened,"124 Main St, 101, Charlestown https://t.co/VXj5FC84Ao. Bus stop parking.",2016-03-05 22:27:07,"Opened Illegal Parking report via iphone at 124 Main St, 101, Charlestown https://t.co/VXj5FC84Ao. Bus stop parking. https://t.co/e71VdVwkIJ"
Closed,18 Claymoss Rd Brighton,2016-03-05 22:19:38,Closed Litter report at 18 Claymoss Rd Brighton https://t.co/GpAGs6BZCF. Case closed. case resolved. was cited loose trash.
Opened,"3 Lovis St, South Boston",2016-03-05 22:02:48,"Opened Illegal Parking report via iphone at 3 Lovis St, South Boston https://t.co/WE4gNQ2q86. Suv blocking street."
Closed,"45 Grove St, Apt 1 https://t.co/fEUI0glJJx. Case closed. case resolved. pick up waste.",2016-03-05 21:42:43,"Closed Litter report at 45 Grove St, Apt 1 https://t.co/fEUI0glJJx. Case closed. case resolved. pick up waste. https://t.co/34HNNyvvKq"
Opened,"Intersection Of Ball St &amp; Shawmut Ave, Mission Hill",2016-03-05 21:02:52,"Opened report via android at Intersection Of Ball St &amp; Shawmut Ave, Mission Hill https://t.co/7L6bxZ9IzU. Feces on sidewalk. health hazard."
Opened,15 Queensberry St https://t.co/0zCfUMltUn. Ct plate in resident zone.,2016-03-05 20:57:01,Opened Illegal Parking report via iphone at 15 Queensberry St https://t.co/0zCfUMltUn. Ct plate in resident zone. https://t.co/njpGnwrdPC
Opened,"17 Rowell St, 1, Dorchester",2016-03-05 20:16:47,"Opened report via iphone at 17 Rowell St, 1, Dorchester https://t.co/qDWddV5kFi. Electricity briefly came on, but went out again."
Opened,15 Haviland St https://t.co/wAegtj2kcZ. Light has been knocked off poll.,2016-03-05 19:11:48,Opened Street Lights report via android at 15 Haviland St https://t.co/wAegtj2kcZ. Light has been knocked off poll. https://t.co/91t6Z3622P
Opened,"28 Saranac St, Dorchester https://t.co/FB8lnqTzPt. Illegally parked.",2016-03-05 18:18:56,"Opened Illegal Parking report via iphone at 28 Saranac St, Dorchester https://t.co/FB8lnqTzPt. Illegally parked. https://t.co/zVsXZYewXg"
Closed,"116 126 Harvard Ave, Allston",2016-03-05 17:55:55,"Closed Illegal Parking report at 116 126 Harvard Ave, Allston https://t.co/GG8cCbWL34. Case closed. case noted. bus stop tagged."
Opened,Intersection Of Pumphouse Rd &amp; Massport Haul Rd,2016-03-05 17:55:05,Opened Traffic Signal report via iphone at Intersection Of Pumphouse Rd &amp; Massport Haul Rd https://t.co/3Sb2bBp2XT. Flashing red.
Closed,1 City Hall Plz,2016-03-05 17:47:53,Closed Illegal Parking report at 1 City Hall Plz https://t.co/zBonz3lLpk. Case closed. case resolved. need the location.
Opened,1 City Hall Plz,2016-03-05 17:12:56,Opened Illegal Parking report via iphone at 1 City Hall Plz https://t.co/zBonz3lLpk. Out of state plate parking in resident only spot.
Opened,"542 Cambridge St, Allston https://t.co/LEBuZR5aGQ.",2016-03-05 17:11:44,"Opened Pothole report via iphone at 542 Cambridge St, Allston https://t.co/LEBuZR5aGQ. https://t.co/KEygxGcFb0"
Opened,"2 Cambridge Ter, Allston https://t.co/QozR7YLdhC.",2016-03-05 17:11:12,"Opened Pothole report via iphone at 2 Cambridge Ter, Allston https://t.co/QozR7YLdhC. https://t.co/0oHbX200lL"
Opened,"3 Cambridge Ter, Allston https://t.co/6vsVJgXhWS.",2016-03-05 17:10:50,"Opened Pothole report via iphone at 3 Cambridge Ter, Allston https://t.co/6vsVJgXhWS. https://t.co/iCMsSbEJEf"
Opened,Intersection Of Hereford St &amp; Commonwealth Ave https://t.co/kKZ77kTIDN.,2016-03-05 17:01:58,Opened Street Lights report via iphone at Intersection Of Hereford St &amp; Commonwealth Ave https://t.co/kKZ77kTIDN. https://t.co/pvRsKHjvMN
Opened,"116 126 Harvard Ave, Allston",2016-03-05 16:54:10,"Opened Illegal Parking report via iphone at 116 126 Harvard Ave, Allston https://t.co/GG8cCbWL34. Parked cars in bus stop."
Opened,"3089 3091 Washington St, Roxbury",2016-03-05 16:44:11,"Opened Traffic Signal report via iphone at 3089 3091 Washington St, Roxbury https://t.co/tuNq0JIFSa. Need an arrow."
Opened,"164 Brighton Ave, Allston https://t.co/EJ8Q5t4sIx. Illegal parking.",2016-03-05 16:12:07,"Opened Illegal Parking report via iphone at 164 Brighton Ave, Allston https://t.co/EJ8Q5t4sIx. Illegal parking. https://t.co/U9z710UbOZ"
Opened,263-265 Northampton St https://t.co/S8Nl8KrKr4.,2016-03-05 16:00:46,Opened Illegal Graffiti report via iphone at 263-265 Northampton St https://t.co/S8Nl8KrKr4. https://t.co/zshpaPa09q
Opened,277 Northampton St https://t.co/kPDTo7ohJt.,2016-03-05 16:00:23,Opened Illegal Graffiti report via iphone at 277 Northampton St https://t.co/kPDTo7ohJt. https://t.co/J9gJUeRrmE
Opened,1767-1769 Washington St https://t.co/rjK5gpM09j.,2016-03-05 15:51:40,Opened Litter report via iphone at 1767-1769 Washington St https://t.co/rjK5gpM09j. https://t.co/AldiAKrt8j
Closed,"380 Dorchester Ave, South Boston",2016-03-05 15:31:15,"Closed Illegal Parking report at 380 Dorchester Ave, South Boston https://t.co/BtZB4fGNHe. Case closed. case noted. area clear."
Closed,21 Cooper St https://t.co/VlL84hd6Vm. Case closed. case resolved. area clear.,2016-03-05 15:28:24,Closed Illegal Parking report at 21 Cooper St https://t.co/VlL84hd6Vm. Case closed. case resolved. area clear. https://t.co/zExEtC4fIn
Opened,347 Bay State Rd,2016-03-05 15:11:49,Opened Pothole report via iphone at 347 Bay State Rd https://t.co/rlbWlL85Yy. Potholes on the bridge expansion joints on both side.
Opened,"15 Maria Ln, Roslindale https://t.co/MR5ZyidXCx. Sidewalk overgrown.",2016-03-05 15:07:27,"Opened report via iphone at 15 Maria Ln, Roslindale https://t.co/MR5ZyidXCx. Sidewalk overgrown. https://t.co/MXfup2M9je"
Opened,"158 Durnell Ave, Roslindale https://t.co/wmG1ldbwH0. Wires on sidewalk.",2016-03-05 15:02:24,"Opened report via iphone at 158 Durnell Ave, Roslindale https://t.co/wmG1ldbwH0. Wires on sidewalk. https://t.co/Ok2awajhqT"
Closed,14 St Lukes Rd Allston,2016-03-05 14:52:06,Closed Illegal Parking report at 14 St Lukes Rd Allston https://t.co/x3YbFE6A1k. Case closed. case resolved. vehicle tagged.
Closed,"313 Summit Ave, 4, Brighton",2016-03-05 14:51:58,"Closed Illegal Parking report at 313 Summit Ave, 4, Brighton https://t.co/WcEdRMPlhu. Case closed. case noted. area clear."
Opened,1619 Commonwealth Avenue Brighton,2016-03-05 14:16:52,Opened Litter report via web at 1619 Commonwealth Avenue Brighton https://t.co/0tlCaN91Uo. Litter on front entrance.
Closed,270 Hanover St https://t.co/crR8gfcqE9. Case closed. case resolved.,2016-03-05 11:15:29,Closed Overflowing Trash Can report at 270 Hanover St https://t.co/crR8gfcqE9. Case closed. case resolved. https://t.co/hVNTRwyVih
Opened,"755 Tremont St, Roxbury https://t.co/p7bFZXRCOR. Over six months here.",2016-03-05 11:09:18,"Opened Illegal Graffiti report via android at 755 Tremont St, Roxbury https://t.co/p7bFZXRCOR. Over six months here. https://t.co/VmayDc3Dol"
Opened,"313 Summit Ave, 4, Brighton",2016-03-05 10:01:20,"Opened Illegal Parking report via android at 313 Summit Ave, 4, Brighton https://t.co/WcEdRMPlhu. Parked on a handicap ramp."
Opened,"461 Commonwealth Ave, 5 https://t.co/E3C88Dv0nC.",2016-03-05 07:44:03,"Opened Street Lights report via android at 461 Commonwealth Ave, 5 https://t.co/E3C88Dv0nC. https://t.co/PRWMAkPech"
Opened,"5 Sunset St, Mission Hill",2016-03-05 06:05:29,"Opened Rodent Sighting report via iphone at 5 Sunset St, Mission Hill https://t.co/YpIvYhQzeD. Raccoons on property very dangerous."
Opened,"61 School St, Roxbury",2016-03-05 05:10:43,"Opened report via iphone at 61 School St, Roxbury https://t.co/WaYpU4Sr1i. Trash in the floor outside."
Closed,12 Church St https://t.co/xrtOsdYCex. Case closed. case resolved. picked up.,2016-03-05 04:57:15,Closed Litter report at 12 Church St https://t.co/xrtOsdYCex. Case closed. case resolved. picked up. https://t.co/X0A5N75RjZ
Opened,14 St Lukes Rd Allston,2016-03-05 03:59:20,Opened Illegal Parking report via web at 14 St Lukes Rd Allston https://t.co/x3YbFE6A1k. Vermont plate gkn 792 parked in resident parking.
Opened,21 Cooper St https://t.co/VlL84hd6Vm.,2016-03-05 03:33:00,Opened Illegal Parking report via iphone at 21 Cooper St https://t.co/VlL84hd6Vm. https://t.co/ttVVA5xIYO
Opened,"40 Monadnock St, Dorchester",2016-03-05 03:22:24,"Opened report via iphone at 40 Monadnock St, Dorchester https://t.co/bxXxctnkzp. Lights went off."
Opened,36 Lawrence St,2016-03-05 02:47:42,Opened Street Lights report via iphone at 36 Lawrence St https://t.co/BwUWxaVJva. Broken street light.
Opened,"291 K St, South Boston",2016-03-05 02:14:00,"Opened Illegal Parking report via android at 291 K St, South Boston https://t.co/zahXSYFd2G. No parking."
Opened,"36 Trapelo St, Brighton",2016-03-05 01:43:34,"Opened Illegal Parking report via android at 36 Trapelo St, Brighton https://t.co/sj3bLiU2xF. Cars with no rpp."
Opened,"1596 Centre St, Roslindale",2016-03-05 01:25:45,"Opened Street Lights report via android at 1596 Centre St, Roslindale https://t.co/YzbkLJrafr. Led streetlight flickering/flashing."
Opened,"441 Bennington St, East Boston https://t.co/g2QxoT90FJ. They are piling up.",2016-03-05 01:17:39,"Opened report via iphone at 441 Bennington St, East Boston https://t.co/g2QxoT90FJ. They are piling up. https://t.co/gAxa6nNqti"
Opened,"153 Ashmont St, Dorchester",2016-03-05 00:22:06,"Opened Street Lights report via iphone at 153 Ashmont St, Dorchester https://t.co/EHJ7RuhX36. Light out. 155 ashmont st."
Opened,1665 Commonwealth Ave Boston,2016-03-05 00:12:04,Opened Litter report via android at 1665 Commonwealth Ave Boston https://t.co/7XLgqYgAXD. Large black trash bag on curb.
Opened,38 Fairfield St https://t.co/FqmsC4xTdC. Parked in crosswalk.,2016-03-04 23:19:35,Opened Illegal Parking report via iphone at 38 Fairfield St https://t.co/FqmsC4xTdC. Parked in crosswalk. https://t.co/ZXMP7Jupd5
Opened,"662 Massachusetts Ave, Roxbury https://t.co/L1HpzNJylC. Hot water on curb.",2016-03-04 23:04:27,"Opened report via iphone at 662 Massachusetts Ave, Roxbury https://t.co/L1HpzNJylC. Hot water on curb. https://t.co/7EEkJzXN7h"
Opened,"33 Hillcroft Rd, Jamaica Plain https://t.co/Gfz3QZ2ILd.",2016-03-04 22:45:23,"Opened Illegal Parking report via iphone at 33 Hillcroft Rd, Jamaica Plain https://t.co/Gfz3QZ2ILd. https://t.co/rAie3kbx9Y"
Closed,"307 Foster St, Brighton",2016-03-04 22:35:47,"Closed report at 307 Foster St, Brighton https://t.co/79catUJrsh. Case closed. case noted. the trash is on owner propertie."
Opened,38 Dartmouth St https://t.co/ZsdUuwbQx4.,2016-03-04 22:25:36,Opened Illegal Graffiti report via iphone at 38 Dartmouth St https://t.co/ZsdUuwbQx4. https://t.co/c5eoSuTMe3
Opened,"15 Gloucester St, 15 1",2016-03-04 22:15:44,"Opened Litter report via iphone at 15 Gloucester St, 15 1 https://t.co/et1nC94BcE. Trash."
Opened,270 Hanover St https://t.co/crR8gfcqE9.,2016-03-04 21:24:11,Opened Overflowing Trash Can report via iphone at 270 Hanover St https://t.co/crR8gfcqE9. https://t.co/u0OjOkKYsA
Opened,392–402 Shawmut Ave https://t.co/ux6MPLKRL9. Bricks missing.,2016-03-04 21:23:37,Opened Broken Sidewalk report via iphone at 392–402 Shawmut Ave https://t.co/ux6MPLKRL9. Bricks missing. https://t.co/Pe1cinHz0J
Opened,"9 11 Rosselerin Rd, Dorchester https://t.co/ohzoshCtum. Space savers.",2016-03-04 21:10:04,"Opened report via iphone at 9 11 Rosselerin Rd, Dorchester https://t.co/ohzoshCtum. Space savers. https://t.co/Uj1Na7hCJE"
Closed,"Intersection Of Dana Ave Fwy &amp; Dana Ave, Hyde Park",2016-03-04 20:15:37,"Closed report at Intersection Of Dana Ave Fwy &amp; Dana Ave, Hyde Park https://t.co/tHHdPgpA4R. Case closed. case noted."
Opened,"37 Temple Pl, 5",2016-03-04 20:12:45,"Opened Illegal Parking report via iphone at 37 Temple Pl, 5 https://t.co/CVi9E6TUzR. Multiple cars parked in clearly marked no parking zone."
Closed,15 Bellflower St Dorchester,2016-03-04 19:46:15,Closed Rodent Sighting report at 15 Bellflower St Dorchester https://t.co/ACrmzu6eJ1. Case closed. viocor: violation corrected.
Opened,"131 Boston St, Dorchester",2016-03-04 19:36:35,"Opened report via iphone at 131 Boston St, Dorchester https://t.co/AGkgv6uF4i. Broken r9 recycling cart."
Opened,"53 Chandler St, 53 1 https://t.co/7RGM3VPvwd. Uncycled.",2016-03-04 19:27:25,"Opened Litter report via iphone at 53 Chandler St, 53 1 https://t.co/7RGM3VPvwd. Uncycled. https://t.co/GVdtvAlqwD"
Opened,"50 Dorset St, 1, Dorchester https://t.co/kFnOKBNA9H. Broken r9 recycling cart.",2016-03-04 19:22:14,"Opened report via iphone at 50 Dorset St, 1, Dorchester https://t.co/kFnOKBNA9H. Broken r9 recycling cart. https://t.co/0bMD3S1dVc"
Opened,"5 7 Lawrence Pl, Brighton",2016-03-04 18:30:28,"Opened report via android at 5 7 Lawrence Pl, Brighton https://t.co/vcr3KNYc2r. Loose trash and old tv's in rear yard.rear of #5 side."
Opened,"1 Nassau St, 210 https://t.co/F3HPIfnICR.",2016-03-04 18:14:58,"Opened Abandoned Bicycle report via iphone at 1 Nassau St, 210 https://t.co/F3HPIfnICR. https://t.co/mdnV5IfmXQ"
Opened,"213a 213 Kelton St, Allston",2016-03-04 18:08:04,"Opened report via android at 213a 213 Kelton St, Allston https://t.co/020jc30ZXj. Loose trash in rear parking lot."
Opened,"297 K St, South Boston",2016-03-04 17:41:57,"Opened Residential Trash out Illegally report via iphone at 297 K St, South Boston https://t.co/jPDLOVXl1b. Trash bags out in front yard."
Closed,368 W 4th St https://t.co/0idbq4AW3S. Case closed. case noted. cited loose trash and debris.,2016-03-04 17:37:18,Closed Litter report at 368 W 4th St https://t.co/0idbq4AW3S. Case closed. case noted. cited loose trash and debris. https://t.co/gpmdhAeTPG
Closed,"27d 27f Marcella St, Roxbury https://t.co/ssucVxr7oq. Case closed. case resolved. removed.",2016-03-04 17:35:43,"Closed Litter report at 27d 27f Marcella St, Roxbury https://t.co/ssucVxr7oq. Case closed. case resolved. removed. https://t.co/bCFKJlp1Ro"
Closed,"56 Queensberry St, 56 G1 https://t.co/popouHqw6K. Case closed. case resolved. removed.",2016-03-04 17:29:22,"Closed Litter report at 56 Queensberry St, 56 G1 https://t.co/popouHqw6K. Case closed. case resolved. removed. https://t.co/ORMJ4o7drZ"
Opened,187 Beacon St https://t.co/tmvp1qyFxN. In public alley 420 several potholes.,2016-03-04 17:24:16,Opened Pothole report via iphone at 187 Beacon St https://t.co/tmvp1qyFxN. In public alley 420 several potholes. https://t.co/WoPGQiToCy
Closed,260 Longwood Ave,2016-03-04 17:16:58,Closed Dead Animal Pick-up report at 260 Longwood Ave https://t.co/zzUMcCTao7. Case closed. case resolved. removed animal.
Opened,16 Fairfield St https://t.co/c6hwLdtJq5.,2016-03-04 17:00:38,Opened Broken Sidewalk report via iphone at 16 Fairfield St https://t.co/c6hwLdtJq5. https://t.co/zAs88nDJSZ
Opened,"307 Foster St, Brighton",2016-03-04 16:50:46,"Opened report via android at 307 Foster St, Brighton https://t.co/79catUJrsh. Loose trash and debris."
Opened,5 Haven St https://t.co/xJvRNzohTz. Sewer drain needs cleaning.,2016-03-04 16:34:04,Opened report via iphone at 5 Haven St https://t.co/xJvRNzohTz. Sewer drain needs cleaning. https://t.co/JCp5DBzeFl
Opened,"Intersection Of Telford St &amp; Western Ave, Brighton",2016-03-04 16:32:09,"Opened Pothole report via iphone at Intersection Of Telford St &amp; Western Ave, Brighton https://t.co/BOuB8hLuOc. Pothole."
Opened,260 Longwood Ave,2016-03-04 16:26:57,Opened Dead Animal Pick-up report via iphone at 260 Longwood Ave https://t.co/zzUMcCTao7. On longwood ave. might be a small dog..
Opened,"27d 27f Marcella St, Roxbury https://t.co/ssucVxr7oq. Stop and shop cart.",2016-03-04 16:19:44,"Opened Litter report via iphone at 27d 27f Marcella St, Roxbury https://t.co/ssucVxr7oq. Stop and shop cart. https://t.co/ozv8bJ6Amv"
Closed,"88 Strathmore Rd, Brighton https://t.co/7baR7NG0qw. Case closed. case resolved.",2016-03-04 16:10:11,"Closed Damaged Sign report at 88 Strathmore Rd, Brighton https://t.co/7baR7NG0qw. Case closed. case resolved. https://t.co/p9q9WSwCkE"
Closed,23 East St https://t.co/icatPqtvP8. Case closed. case resolved. towed 3/4.,2016-03-04 15:39:15,Closed Abandoned Vehicle report at 23 East St https://t.co/icatPqtvP8. Case closed. case resolved. towed 3/4. https://t.co/8HKErZ8XnD
Opened,3 Knapp St https://t.co/IiacysLfTc. Multiple graffiti whole street.,2016-03-04 15:34:55,Opened Illegal Graffiti report via android at 3 Knapp St https://t.co/IiacysLfTc. Multiple graffiti whole street. https://t.co/M9jLDO67XL
Closed,Glenmore St Mattapan Boston https://t.co/GKbHNx93UU. Case closed. case resolved. made safe.,2016-03-04 15:34:07,Closed Pothole report at Glenmore St Mattapan Boston https://t.co/GKbHNx93UU. Case closed. case resolved. made safe. https://t.co/FexuVcyen8
Closed,49 Causeway St https://t.co/IGMK5xeEzK. Case closed. case resolved. emptied.,2016-03-04 15:30:20,Closed Overflowing Trash Can report at 49 Causeway St https://t.co/IGMK5xeEzK. Case closed. case resolved. emptied. https://t.co/4khg5Qi2lG
Closed,"9 Mckone St, 1, Dorchester https://t.co/vrrU7jdyTt. Case closed. case resolved. made safe.",2016-03-04 15:19:20,"Closed Pothole report at 9 Mckone St, 1, Dorchester https://t.co/vrrU7jdyTt. Case closed. case resolved. made safe. https://t.co/fpNlXbfhWx"
Opened,"56 Queensberry St, 56 G1",2016-03-04 14:59:55,"Opened Litter report via android at 56 Queensberry St, 56 G1 https://t.co/popouHqw6K. Bookcase on sidewalk."
Opened,368 W 4th St https://t.co/0idbq4AW3S. Broken mirror and trash been here 2 weeks.,2016-03-04 14:57:34,Opened Litter report via iphone at 368 W 4th St https://t.co/0idbq4AW3S. Broken mirror and trash been here 2 weeks. https://t.co/5H2kEeggmS
Opened,Intersection Of Appleton St &amp; Dartmouth St https://t.co/mcsngl666m.,2016-03-04 14:15:03,Opened Illegal Parking report via iphone at Intersection Of Appleton St &amp; Dartmouth St https://t.co/mcsngl666m. https://t.co/Sc0Iqh9zU8
Opened,Intersection Of Beacon St &amp; School St https://t.co/ZwYjSLqHfI.,2016-03-04 14:13:24,Opened Traffic Signal report via android at Intersection Of Beacon St &amp; School St https://t.co/ZwYjSLqHfI. https://t.co/uJyzEVoF2a
Closed,"400 Fenway, 1 https://t.co/pHVbPi6aEh. Case closed. case resolved. area clear.",2016-03-04 14:12:21,"Closed Illegal Parking report at 400 Fenway, 1 https://t.co/pHVbPi6aEh. Case closed. case resolved. area clear. https://t.co/ToiXo9wWKT"
Opened,"515 E Third St, 1, South Boston",2016-03-04 14:11:30,"Opened Litter report via iphone at 515 E Third St, 1, South Boston https://t.co/A9GVT5nAP7. Please clean up litter."
Closed,9 Vancouver St https://t.co/DqDztw98XF. Case closed. case resolved. pothole filled.,2016-03-04 14:00:42,Closed Pothole report at 9 Vancouver St https://t.co/DqDztw98XF. Case closed. case resolved. pothole filled. https://t.co/FElwXUqhq2
Opened,49 Causeway St https://t.co/IGMK5xeEzK.,2016-03-04 13:59:43,Opened Overflowing Trash Can report via iphone at 49 Causeway St https://t.co/IGMK5xeEzK. https://t.co/o7hbMvrraC
Opened,667 669 Boylston St https://t.co/CLBcHdcKeU.,2016-03-04 13:59:36,Opened Illegal Graffiti report via iphone at 667 669 Boylston St https://t.co/CLBcHdcKeU. https://t.co/HmvzvAgrmn
Opened,"511 Columbus Ave, Roxbury https://t.co/SDpGDoZsF5.",2016-03-04 13:59:00,"Opened Illegal Graffiti report via iphone at 511 Columbus Ave, Roxbury https://t.co/SDpGDoZsF5. https://t.co/bMtb0ZVfz8"
Opened,"434 Massachusetts Ave, Roxbury https://t.co/RPKfXLRQVN.",2016-03-04 13:56:15,"Opened Illegal Graffiti report via iphone at 434 Massachusetts Ave, Roxbury https://t.co/RPKfXLRQVN. https://t.co/UVhGT7iYGq"
Opened,"392 400 Massachusetts Ave, Roxbury https://t.co/23DFnQLzKN.",2016-03-04 13:55:25,"Opened Illegal Graffiti report via iphone at 392 400 Massachusetts Ave, Roxbury https://t.co/23DFnQLzKN. https://t.co/UPnf9flrOa"
Opened,"392 400 Massachusetts Ave, Roxbury https://t.co/2aXn9UHPJ7.",2016-03-04 13:54:42,"Opened Illegal Graffiti report via iphone at 392 400 Massachusetts Ave, Roxbury https://t.co/2aXn9UHPJ7. https://t.co/Dl00I6LJNd"
Opened,200 Massachusetts Ave https://t.co/pa4qnvxWYm.,2016-03-04 13:48:10,Opened Illegal Graffiti report via iphone at 200 Massachusetts Ave https://t.co/pa4qnvxWYm. https://t.co/g9suL5iRlP
Closed,"17 Greenough Ln, 1 https://t.co/RLrqwdFOb1. Case closed. case resolved. clean.",2016-03-04 13:47:49,"Closed Litter report at 17 Greenough Ln, 1 https://t.co/RLrqwdFOb1. Case closed. case resolved. clean. https://t.co/na5OqKzWw6"
Opened,190 Massachusetts Ave https://t.co/NQ6iHjctkr.,2016-03-04 13:47:20,Opened Illegal Graffiti report via iphone at 190 Massachusetts Ave https://t.co/NQ6iHjctkr. https://t.co/LSgQnkgr9F
Closed,"16 Stratton St, Dorchester",2016-03-04 13:40:11,"Closed Rodent Sighting report at 16 Stratton St, Dorchester https://t.co/IAnWs3fvOW. Case closed. viocor: violation corrected."
Opened,"330 New Rutherford Ave, Charlestown https://t.co/gvdmHmaikT. Loose manhole cover.",2016-03-04 13:34:16,"Opened report via iphone at 330 New Rutherford Ave, Charlestown https://t.co/gvdmHmaikT. Loose manhole cover. https://t.co/AuUY4Ny8Zc"
Closed,"37 P St, South Boston",2016-03-04 13:30:23,"Closed Illegal Parking report at 37 P St, South Boston https://t.co/CrVri0Mx5m. Case closed. case noted. vehicles tagged."
Opened,702 Washington St https://t.co/aCi0syfgKo.,2016-03-04 13:28:30,Opened Traffic Signal report via iphone at 702 Washington St https://t.co/aCi0syfgKo. https://t.co/usJGfGwr4N
Opened,Intersection Of Stuart St &amp; Kneeland St https://t.co/3uWWvv4Vny.,2016-03-04 13:28:08,Opened Traffic Signal report via iphone at Intersection Of Stuart St &amp; Kneeland St https://t.co/3uWWvv4Vny. https://t.co/1GKI4RM0GH
Opened,"33 Hillcroft Rd, Jamaica Plain https://t.co/i0458OwDvz.",2016-03-04 13:24:42,"Opened Illegal Parking report via iphone at 33 Hillcroft Rd, Jamaica Plain https://t.co/i0458OwDvz. https://t.co/Pje6WEWqvK"
Opened,"72 I St, South Boston https://t.co/lvdjujgl5D. Litter in cutter.",2016-03-04 13:24:15,"Opened Litter report via android at 72 I St, South Boston https://t.co/lvdjujgl5D. Litter in cutter. https://t.co/v6drtCiNUH"
Opened,"11 Monsignor Dennis F O'callaghan Way, South Boston",2016-03-04 13:18:47,"Opened Illegal Parking report via android at 11 Monsignor Dennis F O'callaghan Way, South Boston https://t.co/gP2iyTZ3sL. No residential."
Closed,"755 Columbia Rd, Dorchester",2016-03-04 13:17:27,"Closed report at 755 Columbia Rd, Dorchester https://t.co/H1HRTfK3oX. Case closed. case noted. cleaned debris from in and around cb 2/27."
Opened,Chester Park https://t.co/NwgBvZPkYA.,2016-03-04 13:09:55,Opened Litter report via iphone at Chester Park https://t.co/NwgBvZPkYA. https://t.co/6aTQUQn9rA
Opened,"9 Mckone St, 1, Dorchester https://t.co/vrrU7jdyTt.",2016-03-04 13:09:28,"Opened Pothole report via iphone at 9 Mckone St, 1, Dorchester https://t.co/vrrU7jdyTt. https://t.co/qleEPk0AnQ"
Opened,"54 Woodlawn St, 1, Jamaica Plain https://t.co/OHgyj8IMBO.",2016-03-04 11:52:44,"Opened Illegal Parking report via iphone at 54 Woodlawn St, 1, Jamaica Plain https://t.co/OHgyj8IMBO. https://t.co/7Ww2RdJbsn"
Closed,390 420 Congress St,2016-03-04 11:45:56,Closed Illegal Parking report at 390 420 Congress St https://t.co/mQTXjfhdaj. Case closed. case resolved. hydrant clear.
Opened,111 Dartmouth St https://t.co/CXT6znNUke. Manhole cover cracked and loose.,2016-03-04 11:28:05,Opened Pothole report via iphone at 111 Dartmouth St https://t.co/CXT6znNUke. Manhole cover cracked and loose. https://t.co/7ghl3gITOz
Opened,390 420 Congress St,2016-03-04 10:14:07,Opened Illegal Parking report via iphone at 390 420 Congress St https://t.co/mQTXjfhdaj. Car parked close or in front of fire hydrant.
Opened,111 Dartmouth St https://t.co/CXT6zo5vbM. Manhole cover cracked and loose.,2016-03-04 06:09:15,Opened Pothole report via iphone at 111 Dartmouth St https://t.co/CXT6zo5vbM. Manhole cover cracked and loose. https://t.co/cLdaNl0G4l
Closed,27 Elgin St West Roxbury,2016-03-04 03:46:15,Closed Illegal Parking report at 27 Elgin St West Roxbury https://t.co/juHJ6C3Ucy. Case closed. case resolved. vehicle tagged.
Opened,"220 Alford St, Charlestown",2016-03-04 03:16:13,"Opened Dead Animal Pick-up report via android at 220 Alford St, Charlestown https://t.co/AUxYw7Q6oa. Dead opossum."
Opened,80 Newbury St https://t.co/2FZYNB9oO7.,2016-03-04 01:57:02,Opened Illegal Graffiti report via android at 80 Newbury St https://t.co/2FZYNB9oO7. https://t.co/D3fsCBzFaP
Closed,151 Commonwealth Avenue,2016-03-04 01:55:41,Closed Traffic Signal report at 151 Commonwealth Avenue https://t.co/Ys2Tye4ByB. Case closed. case resolved. replaced bad module.
Closed,"10 Hancock St, 1, Charlestown",2016-03-04 01:54:12,"Closed report at 10 Hancock St, 1, Charlestown https://t.co/xTOEfRJWiq. Case closed. case noted. cited barrels out after pick up."
Closed,"67 Winthrop St, Charlestown https://t.co/rXzIc9EAqW. Case closed. case noted. material serviced.",2016-03-04 01:53:54,"Closed report at 67 Winthrop St, Charlestown https://t.co/rXzIc9EAqW. Case closed. case noted. material serviced. https://t.co/5d61rldRBa"
Closed,"116 Hemenway St, Apt 1e",2016-03-04 01:53:39,"Closed Rodent Sighting report at 116 Hemenway St, Apt 1e https://t.co/kByUp4GcMG. Case closed. viocor: violation corrected."
Closed,"7 North Ave, Roxbury https://t.co/9iNLLUQIHf. Case closed. case resolved.",2016-03-04 01:53:00,"Closed Litter report at 7 North Ave, Roxbury https://t.co/9iNLLUQIHf. Case closed. case resolved. https://t.co/x1CkP2FAAY"
Closed,61 Elm St Charlestown,2016-03-04 01:52:49,Closed report at 61 Elm St Charlestown https://t.co/pBycE5Z5ng. Case closed. case noted. cited barrels out after pick up.
Closed,145 Oliver St,2016-03-04 01:52:19,Closed Illegal Parking report at 145 Oliver St https://t.co/nn8O7Ktei7. Case closed. case resolved. area checked cab stand clear.
Closed,5 Bakers Aly,2016-03-04 01:51:19,Closed Litter report at 5 Bakers Aly https://t.co/SXRRDgrJ8b. Case closed. case noted. ticket has been issued.
Closed,528 Huntington Ave https://t.co/T5iTMRAV7S. Case closed. case resolved. filled all set.,2016-03-04 01:51:15,Closed Pothole report at 528 Huntington Ave https://t.co/T5iTMRAV7S. Case closed. case resolved. filled all set. https://t.co/56dvi8ll45
Closed,"247 Walnut Ave, Apt 1, Roxbury",2016-03-04 01:50:54,"Closed Overflowing Trash Can report at 247 Walnut Ave, Apt 1, Roxbury https://t.co/6Iqrm2EZcM. Case closed. case noted. ticket was issued."
Closed,23 Ransom Rd Brighton,2016-03-04 01:50:51,Closed Illegal Parking report at 23 Ransom Rd Brighton https://t.co/6HOP1THaOJ. Case closed. case noted. cited illegal yard parking.
Closed,"91 Sumner St, Dorchester",2016-03-04 01:50:30,"Closed Litter report at 91 Sumner St, Dorchester https://t.co/3CfQ5DQMDj. Case closed. case noted. ticket was issued."
Closed,245 Summer St https://t.co/4iX3NUm3Bx. Case closed. case resolved. potholes filled.,2016-03-04 01:50:11,Closed Pothole report at 245 Summer St https://t.co/4iX3NUm3Bx. Case closed. case resolved. potholes filled. https://t.co/tnzSBOO6GM
Closed,"28 Mount Vernon St, Charlestown https://t.co/NHlRpSv75G. Case closed. case resolved. done.",2016-03-04 01:49:53,"Closed Pothole report at 28 Mount Vernon St, Charlestown https://t.co/NHlRpSv75G. Case closed. case resolved. done. https://t.co/eymJ4C1Ivp"
Closed,"40 L St, South Boston https://t.co/FnOnxpSBEl. Case closed. case resolved.",2016-03-04 01:49:45,"Closed Damaged Sign report at 40 L St, South Boston https://t.co/FnOnxpSBEl. Case closed. case resolved. https://t.co/NxscWcBReU"
Closed,"69 Gates St, South Boston https://t.co/LOXXZXsSP8. Case closed. case resolved.",2016-03-04 01:49:37,"Closed Damaged Sign report at 69 Gates St, South Boston https://t.co/LOXXZXsSP8. Case closed. case resolved. https://t.co/r05lY0fqSV"
Closed,117 Revere St https://t.co/wgUAGjQ4Vq. Case closed. case resolved.,2016-03-04 01:49:33,Closed report at 117 Revere St https://t.co/wgUAGjQ4Vq. Case closed. case resolved. https://t.co/VbxfhbhRIn
Closed,82 Jersey St https://t.co/XFvvYXnU90. Case closed. case resolved.,2016-03-04 01:49:26,Closed Damaged Sign report at 82 Jersey St https://t.co/XFvvYXnU90. Case closed. case resolved. https://t.co/Qo0TlJQkk0
Closed,"301  307 Border St, East Boston https://t.co/2V8TcSmGVI. Case closed. case resolved.",2016-03-04 01:49:03,"Closed Damaged Sign report at 301  307 Border St, East Boston https://t.co/2V8TcSmGVI. Case closed. case resolved. https://t.co/0EH8dbI9TV"
Opened,"26 Thomas Park, South Boston https://t.co/srYUJDF9am.",2016-03-04 01:48:59,"Opened Illegal Parking report via iphone at 26 Thomas Park, South Boston https://t.co/srYUJDF9am. https://t.co/dE8bkAJFle"
Closed,"59 Mather St, Dorchester",2016-03-04 01:48:55,"Closed Illegal Parking report at 59 Mather St, Dorchester https://t.co/f3qOPzCQJH. Case closed. case resolved."
Opened,"24 Thomas Park, 1, South Boston https://t.co/MYWtHcWjA7.",2016-03-04 01:48:42,"Opened Illegal Parking report via iphone at 24 Thomas Park, 1, South Boston https://t.co/MYWtHcWjA7. https://t.co/XTdOdc3sQL"
Closed,"62 64 Brooks St, Brighton https://t.co/78hMIx8VOG. Case closed. case resolved.",2016-03-04 01:48:34,"Closed Damaged Sign report at 62 64 Brooks St, Brighton https://t.co/78hMIx8VOG. Case closed. case resolved. https://t.co/CtF3UzvQi4"
Closed,"504 E Third St, South Boston",2016-03-04 01:48:25,"Closed Illegal Parking report at 504 E Third St, South Boston https://t.co/tzR9j2eYLV. Case closed. case noted. tagged one in violation."
Closed,60 Raymond St Allston,2016-03-04 01:48:22,Closed Damaged Sign report at 60 Raymond St Allston https://t.co/4L6JGaxiHO. Case closed. case resolved.
Closed,348 North St,2016-03-04 01:48:07,Closed Damaged Sign report at 348 North St https://t.co/2OuOixiP4Q. Case closed. case resolved.
Closed,111 Queensberry St https://t.co/49jchJ7eXA. Case closed. case resolved.,2016-03-04 01:48:04,Closed report at 111 Queensberry St https://t.co/49jchJ7eXA. Case closed. case resolved. https://t.co/FEFYR0dqdG
Closed,"90 Wareham St, 201, Roxbury",2016-03-04 01:47:53,"Closed report at 90 Wareham St, 201, Roxbury https://t.co/cB98Nx2ZdX. Case closed. case resolved."
